Eduardo, Alfonso Sanchez, 33
Leydis Esther, Garzon Giro, 34
Yamile, Sanchez Acosta, 50
Nancy, Giro Rodriguez, 60
Luis Daniel, Ferrer Sanchez, 21
Gardenia, Sanchez Acosta, 46
Eduardo, Alfonso Sanchez, 33
Leydis Esther, Garzon Giro, 34
Yamile, Sanchez Acosta, 50
Nancy, Giro Rodriguez, 60
Luis Daniel, Ferrer Sanchez, 21
Gardenia, Sanchez Acosta, 46
Eduardo, Alfonso Sanchez, 33
Leydis Esther, Garzon Giro, 34
Yamile, Sanchez Acosta, 50
Nancy, Giro Rodriguez, 60
Luis Daniel, Ferrer Sanchez, 21
Gardenia, Sanchez Acosta, 46
Eduardo, Alfonso Sanchez, 33
Leydis Esther, Garzon Giro, 34
Yamile, Sanchez Acosta, 50
Nancy, Giro Rodriguez, 60
Luis Daniel, Ferrer Sanchez, 21
Gardenia, Sanchez Acosta, 46
Eduardo, Alfonso Sanchez, 33
Leydis Esther, Garzon Giro, 34
Yamile, Sanchez Acosta, 50
Nancy, Giro Rodriguez, 60
Luis Daniel, Ferrer Sanchez, 21
Gardenia, Sanchez Acosta, 46
Eduardo, Alfonso Sanchez, 33
Leydis Esther, Garzon Giro, 34
Yamile, Sanchez Acosta, 50
Nancy, Giro Rodriguez, 60
Luis Daniel, Ferrer Sanchez, 21
Gardenia, Sanchez Acosta, 46
Eduardo, Alfonso Sanchez, 33
Leydis Esther, Garzon Giro, 34
Yamile, Sanchez Acosta, 50
Nancy, Giro Rodriguez, 60
Luis Daniel, Ferrer Sanchez, 21
Gardenia, Sanchez Acosta, 46
Eduardo, Alfonso Sanchez, 33
Leydis Esther, Garzon Giro, 34
Yamile, Sanchez Acosta, 50
Nancy, Giro Rodriguez, 60
Luis Daniel, Ferrer Sanchez, 21
Gardenia, Sanchez Acosta, 46
Eduardo, Alfonso Sanchez, 33
Leydis Esther, Garzon Giro, 34
Yamile, Sanchez Acosta, 50
Nancy, Giro Rodriguez, 60
Luis Daniel, Ferrer Sanchez, 21
Gardenia, Sanchez Acosta, 46
Eduardo, Alfonso Sanchez, 33
Leydis Esther, Garzon Giro, 34
Yamile, Sanchez Acosta, 50
Nancy, Giro Rodriguez, 60
Luis Daniel, Ferrer Sanchez, 21
Gardenia, Sanchez Acosta, 46
Eduardo, Alfonso Sanchez, 33
Leydis Esther, Garzon Giro, 34
Yamile, Sanchez Acosta, 50
Nancy, Giro Rodriguez, 60
Luis Daniel, Ferrer Sanchez, 21
Gardenia, Sanchez Acosta, 46
Eduardo, Alfonso Sanchez, 33
Leydis Esther, Garzon Giro, 34
Yamile, Sanchez Acosta, 50
Nancy, Giro Rodriguez, 60
Luis Daniel, Ferrer Sanchez, 21
Gardenia, Sanchez Acosta, 46
Eduardo, Alfonso Sanchez, 33
Leydis Esther, Garzon Giro, 34
Yamile, Sanchez Acosta, 50
Nancy, Giro Rodriguez, 60
Luis Daniel, Ferrer Sanchez, 21
Gardenia, Sanchez Acosta, 46
Eduardo, Alfonso Sanchez, 33
Leydis Esther, Garzon Giro, 34
Yamile, Sanchez Acosta, 50
Nancy, Giro Rodriguez, 60
Luis Daniel, Ferrer Sanchez, 21
Gardenia, Sanchez Acosta, 46
Eduardo, Alfonso Sanchez, 33
Leydis Esther, Garzon Giro, 34
Yamile, Sanchez Acosta, 50
Nancy, Giro Rodriguez, 60
Luis Daniel, Ferrer Sanchez, 21
Gardenia, Sanchez Acosta, 46
Eduardo, Alfonso Sanchez, 33
Leydis Esther, Garzon Giro, 34
Yamile, Sanchez Acosta, 50
Nancy, Giro Rodriguez, 60
Luis Daniel, Ferrer Sanchez, 21
Gardenia, Sanchez Acosta, 46
Eduardo, Alfonso Sanchez, 33
Leydis Esther, Garzon Giro, 34
Yamile, Sanchez Acosta, 50
Nancy, Giro Rodriguez, 60
Luis Daniel, Ferrer Sanchez, 21
Gardenia, Sanchez Acosta, 46
Eduardo, Alfonso Sanchez, 33
Leydis Esther, Garzon Giro, 34
Yamile, Sanchez Acosta, 50
Nancy, Giro Rodriguez, 60
Luis Daniel, Ferrer Sanchez, 21
Gardenia, Sanchez Acosta, 46
Eduardo, Alfonso Sanchez, 33
Leydis Esther, Garzon Giro, 34
Yamile, Sanchez Acosta, 50
Nancy, Giro Rodriguez, 60
Luis Daniel, Ferrer Sanchez, 21
Gardenia, Sanchez Acosta, 46
Eduardo, Alfonso Sanchez, 33
Leydis Esther, Garzon Giro, 34
Yamile, Sanchez Acosta, 50
Nancy, Giro Rodriguez, 60
Luis Daniel, Ferrer Sanchez, 21
Gardenia, Sanchez Acosta, 46
Eduardo, Alfonso Sanchez, 33
Leydis Esther, Garzon Giro, 34
Yamile, Sanchez Acosta, 50
Nancy, Giro Rodriguez, 60
Luis Daniel, Ferrer Sanchez, 21
Gardenia, Sanchez Acosta, 46
Eduardo, Alfonso Sanchez, 33
Leydis Esther, Garzon Giro, 34
Yamile, Sanchez Acosta, 50
Nancy, Giro Rodriguez, 60
Luis Daniel, Ferrer Sanchez, 21
Gardenia, Sanchez Acosta, 46
Eduardo, Alfonso Sanchez, 33
Leydis Esther, Garzon Giro, 34
Yamile, Sanchez Acosta, 50
Nancy, Giro Rodriguez, 60
Luis Daniel, Ferrer Sanchez, 21
Gardenia, Sanchez Acosta, 46
Eduardo, Alfonso Sanchez, 33
Leydis Esther, Garzon Giro, 34
Yamile, Sanchez Acosta, 50
Nancy, Giro Rodriguez, 60
Luis Daniel, Ferrer Sanchez, 21
Gardenia, Sanchez Acosta, 46
Eduardo, Alfonso Sanchez, 33
Leydis Esther, Garzon Giro, 34
Yamile, Sanchez Acosta, 50
Nancy, Giro Rodriguez, 60
Luis Daniel, Ferrer Sanchez, 21
Gardenia, Sanchez Acosta, 46
Eduardo, Alfonso Sanchez, 33
Leydis Esther, Garzon Giro, 34
Yamile, Sanchez Acosta, 50
Nancy, Giro Rodriguez, 60
Luis Daniel, Ferrer Sanchez, 21
Gardenia, Sanchez Acosta, 46
Eduardo, Alfonso Sanchez, 33
Leydis Esther, Garzon Giro, 34
Yamile, Sanchez Acosta, 50
Nancy, Giro Rodriguez, 60
Luis Daniel, Ferrer Sanchez, 21
Gardenia, Sanchez Acosta, 46
Eduardo, Alfonso Sanchez, 33
Leydis Esther, Garzon Giro, 34
Yamile, Sanchez Acosta, 50
Nancy, Giro Rodriguez, 60
Luis Daniel, Ferrer Sanchez, 21
Gardenia, Sanchez Acosta, 46
Eduardo, Alfonso Sanchez, 33
Leydis Esther, Garzon Giro, 34
Yamile, Sanchez Acosta, 50
Nancy, Giro Rodriguez, 60
Luis Daniel, Ferrer Sanchez, 21
Gardenia, Sanchez Acosta, 46
Eduardo, Alfonso Sanchez, 33
Leydis Esther, Garzon Giro, 34
Yamile, Sanchez Acosta, 50
Nancy, Giro Rodriguez, 60
Luis Daniel, Ferrer Sanchez, 21
Gardenia, Sanchez Acosta, 46
Eduardo, Alfonso Sanchez, 33
Leydis Esther, Garzon Giro, 34
Yamile, Sanchez Acosta, 50
Nancy, Giro Rodriguez, 60
Luis Daniel, Ferrer Sanchez, 21
Gardenia, Sanchez Acosta, 46
Eduardo, Alfonso Sanchez, 33
Leydis Esther, Garzon Giro, 34
Yamile, Sanchez Acosta, 50
Nancy, Giro Rodriguez, 60
Luis Daniel, Ferrer Sanchez, 21
Gardenia, Sanchez Acosta, 46
Eduardo, Alfonso Sanchez, 33
Leydis Esther, Garzon Giro, 34
Yamile, Sanchez Acosta, 50
Nancy, Giro Rodriguez, 60
Luis Daniel, Ferrer Sanchez, 21
Gardenia, Sanchez Acosta, 46
Eduardo, Alfonso Sanchez, 33
Leydis Esther, Garzon Giro, 34
Yamile, Sanchez Acosta, 50
Nancy, Giro Rodriguez, 60
Luis Daniel, Ferrer Sanchez, 21
Gardenia, Sanchez Acosta, 46
Eduardo, Alfonso Sanchez, 33
Leydis Esther, Garzon Giro, 34
Yamile, Sanchez Acosta, 50
Nancy, Giro Rodriguez, 60
Luis Daniel, Ferrer Sanchez, 21
Gardenia, Sanchez Acosta, 46
Eduardo, Alfonso Sanchez, 33
Leydis Esther, Garzon Giro, 34
Yamile, Sanchez Acosta, 50
Nancy, Giro Rodriguez, 60
Luis Daniel, Ferrer Sanchez, 21
Gardenia, Sanchez Acosta, 46
Eduardo, Alfonso Sanchez, 33
Leydis Esther, Garzon Giro, 34
Yamile, Sanchez Acosta, 50
Nancy, Giro Rodriguez, 60
Luis Daniel, Ferrer Sanchez, 21
Gardenia, Sanchez Acosta, 46
Eduardo, Alfonso Sanchez, 33
Leydis Esther, Garzon Giro, 34
Yamile, Sanchez Acosta, 50
Nancy, Giro Rodriguez, 60
Luis Daniel, Ferrer Sanchez, 21
Gardenia, Sanchez Acosta, 46
Eduardo, Alfonso Sanchez, 33
Leydis Esther, Garzon Giro, 34
Yamile, Sanchez Acosta, 50
Nancy, Giro Rodriguez, 60
Luis Daniel, Ferrer Sanchez, 21
Gardenia, Sanchez Acosta, 46
Eduardo, Alfonso Sanchez, 33
Leydis Esther, Garzon Giro, 34
Yamile, Sanchez Acosta, 50
Nancy, Giro Rodriguez, 60
Luis Daniel, Ferrer Sanchez, 21
Gardenia, Sanchez Acosta, 46
Eduardo, Alfonso Sanchez, 33
Leydis Esther, Garzon Giro, 34
Yamile, Sanchez Acosta, 50
Nancy, Giro Rodriguez, 60
Luis Daniel, Ferrer Sanchez, 21
Gardenia, Sanchez Acosta, 46
Eduardo, Alfonso Sanchez, 33
Leydis Esther, Garzon Giro, 34
Yamile, Sanchez Acosta, 50
Nancy, Giro Rodriguez, 60
Luis Daniel, Ferrer Sanchez, 21
Gardenia, Sanchez Acosta, 46
Eduardo, Alfonso Sanchez, 33
Leydis Esther, Garzon Giro, 34
Yamile, Sanchez Acosta, 50
Nancy, Giro Rodriguez, 60
Luis Daniel, Ferrer Sanchez, 21
Gardenia, Sanchez Acosta, 46
Eduardo, Alfonso Sanchez, 33
Leydis Esther, Garzon Giro, 34
Yamile, Sanchez Acosta, 50
Nancy, Giro Rodriguez, 60
Luis Daniel, Ferrer Sanchez, 21
Gardenia, Sanchez Acosta, 46
Eduardo, Alfonso Sanchez, 33
Leydis Esther, Garzon Giro, 34
Yamile, Sanchez Acosta, 50
Nancy, Giro Rodriguez, 60
Luis Daniel, Ferrer Sanchez, 21
Gardenia, Sanchez Acosta, 46
Eduardo, Alfonso Sanchez, 33
Leydis Esther, Garzon Giro, 34
Yamile, Sanchez Acosta, 50
Nancy, Giro Rodriguez, 60
Luis Daniel, Ferrer Sanchez, 21
Gardenia, Sanchez Acosta, 46
Eduardo, Alfonso Sanchez, 33
Leydis Esther, Garzon Giro, 34
Yamile, Sanchez Acosta, 50
Nancy, Giro Rodriguez, 60
Luis Daniel, Ferrer Sanchez, 21
Gardenia, Sanchez Acosta, 46
Eduardo, Alfonso Sanchez, 33
Leydis Esther, Garzon Giro, 34
Yamile, Sanchez Acosta, 50
Nancy, Giro Rodriguez, 60
Luis Daniel, Ferrer Sanchez, 21
Gardenia, Sanchez Acosta, 46
Eduardo, Alfonso Sanchez, 33
Leydis Esther, Garzon Giro, 34
Yamile, Sanchez Acosta, 50
Nancy, Giro Rodriguez, 60
Luis Daniel, Ferrer Sanchez, 21
Gardenia, Sanchez Acosta, 46
Eduardo, Alfonso Sanchez, 33
Leydis Esther, Garzon Giro, 34
Yamile, Sanchez Acosta, 50
Nancy, Giro Rodriguez, 60
Luis Daniel, Ferrer Sanchez, 21
Gardenia, Sanchez Acosta, 46
Eduardo, Alfonso Sanchez, 33
Leydis Esther, Garzon Giro, 34
Yamile, Sanchez Acosta, 50
Nancy, Giro Rodriguez, 60
Luis Daniel, Ferrer Sanchez, 21
Gardenia, Sanchez Acosta, 46
Eduardo, Alfonso Sanchez, 33
Leydis Esther, Garzon Giro, 34
Yamile, Sanchez Acosta, 50
Nancy, Giro Rodriguez, 60
Luis Daniel, Ferrer Sanchez, 21
Gardenia, Sanchez Acosta, 46
Eduardo, Alfonso Sanchez, 33
Leydis Esther, Garzon Giro, 34
Yamile, Sanchez Acosta, 50
Nancy, Giro Rodriguez, 60
Luis Daniel, Ferrer Sanchez, 21
Gardenia, Sanchez Acosta, 46
Eduardo, Alfonso Sanchez, 33
Leydis Esther, Garzon Giro, 34
Yamile, Sanchez Acosta, 50
Nancy, Giro Rodriguez, 60
Luis Daniel, Ferrer Sanchez, 21
Gardenia, Sanchez Acosta, 46
Eduardo, Alfonso Sanchez, 33
Leydis Esther, Garzon Giro, 34
Yamile, Sanchez Acosta, 50
Nancy, Giro Rodriguez, 60
Luis Daniel, Ferrer Sanchez, 21
Gardenia, Sanchez Acosta, 46
Eduardo, Alfonso Sanchez, 33
Leydis Esther, Garzon Giro, 34
Yamile, Sanchez Acosta, 50
Nancy, Giro Rodriguez, 60
Luis Daniel, Ferrer Sanchez, 21
Gardenia, Sanchez Acosta, 46
Eduardo, Alfonso Sanchez, 33
Leydis Esther, Garzon Giro, 34
Yamile, Sanchez Acosta, 50
Nancy, Giro Rodriguez, 60
Luis Daniel, Ferrer Sanchez, 21
Gardenia, Sanchez Acosta, 46
Eduardo, Alfonso Sanchez, 33
Leydis Esther, Garzon Giro, 34
Yamile, Sanchez Acosta, 50
Nancy, Giro Rodriguez, 60
Luis Daniel, Ferrer Sanchez, 21
Gardenia, Sanchez Acosta, 46
Eduardo, Alfonso Sanchez, 33
Leydis Esther, Garzon Giro, 34
Yamile, Sanchez Acosta, 50
Nancy, Giro Rodriguez, 60
Luis Daniel, Ferrer Sanchez, 21
Gardenia, Sanchez Acosta, 46
Eduardo, Alfonso Sanchez, 33
Leydis Esther, Garzon Giro, 34
Yamile, Sanchez Acosta, 50
Nancy, Giro Rodriguez, 60
Luis Daniel, Ferrer Sanchez, 21
Gardenia, Sanchez Acosta, 46
Eduardo, Alfonso Sanchez, 33
Leydis Esther, Garzon Giro, 34
Yamile, Sanchez Acosta, 50
Nancy, Giro Rodriguez, 60
Luis Daniel, Ferrer Sanchez, 21
Gardenia, Sanchez Acosta, 46
Eduardo, Alfonso Sanchez, 33
Leydis Esther, Garzon Giro, 34
Yamile, Sanchez Acosta, 50
Nancy, Giro Rodriguez, 60
Luis Daniel, Ferrer Sanchez, 21
Gardenia, Sanchez Acosta, 46
Eduardo, Alfonso Sanchez, 33
Leydis Esther, Garzon Giro, 34
Yamile, Sanchez Acosta, 50
Nancy, Giro Rodriguez, 60
Luis Daniel, Ferrer Sanchez, 21
Gardenia, Sanchez Acosta, 46
Eduardo, Alfonso Sanchez, 33
Leydis Esther, Garzon Giro, 34
Yamile, Sanchez Acosta, 50
Nancy, Giro Rodriguez, 60
Luis Daniel, Ferrer Sanchez, 21
Gardenia, Sanchez Acosta, 46
Eduardo, Alfonso Sanchez, 33
Leydis Esther, Garzon Giro, 34
Yamile, Sanchez Acosta, 50
Nancy, Giro Rodriguez, 60
Luis Daniel, Ferrer Sanchez, 21
Gardenia, Sanchez Acosta, 46
Eduardo, Alfonso Sanchez, 33
Leydis Esther, Garzon Giro, 34
Yamile, Sanchez Acosta, 50
Nancy, Giro Rodriguez, 60
Luis Daniel, Ferrer Sanchez, 21
Gardenia, Sanchez Acosta, 46
Eduardo, Alfonso Sanchez, 33
Leydis Esther, Garzon Giro, 34
Yamile, Sanchez Acosta, 50
Nancy, Giro Rodriguez, 60
Luis Daniel, Ferrer Sanchez, 21
Gardenia, Sanchez Acosta, 46
Eduardo, Alfonso Sanchez, 33
Leydis Esther, Garzon Giro, 34
Yamile, Sanchez Acosta, 50
Nancy, Giro Rodriguez, 60
Luis Daniel, Ferrer Sanchez, 21
Gardenia, Sanchez Acosta, 46
Eduardo, Alfonso Sanchez, 33
Leydis Esther, Garzon Giro, 34
Yamile, Sanchez Acosta, 50
Nancy, Giro Rodriguez, 60
Luis Daniel, Ferrer Sanchez, 21
Gardenia, Sanchez Acosta, 46
Eduardo, Alfonso Sanchez, 33
Leydis Esther, Garzon Giro, 34
Yamile, Sanchez Acosta, 50
Nancy, Giro Rodriguez, 60
Luis Daniel, Ferrer Sanchez, 21
Gardenia, Sanchez Acosta, 46
Eduardo, Alfonso Sanchez, 33
Leydis Esther, Garzon Giro, 34
Yamile, Sanchez Acosta, 50
Nancy, Giro Rodriguez, 60
Luis Daniel, Ferrer Sanchez, 21
Gardenia, Sanchez Acosta, 46
Eduardo, Alfonso Sanchez, 33
Leydis Esther, Garzon Giro, 34
Yamile, Sanchez Acosta, 50
Nancy, Giro Rodriguez, 60
Luis Daniel, Ferrer Sanchez, 21
Gardenia, Sanchez Acosta, 46
Eduardo, Alfonso Sanchez, 33
Leydis Esther, Garzon Giro, 34
Yamile, Sanchez Acosta, 50
Nancy, Giro Rodriguez, 60
Luis Daniel, Ferrer Sanchez, 21
Gardenia, Sanchez Acosta, 46
Eduardo, Alfonso Sanchez, 33
Leydis Esther, Garzon Giro, 34
Yamile, Sanchez Acosta, 50
Nancy, Giro Rodriguez, 60
Luis Daniel, Ferrer Sanchez, 21
Gardenia, Sanchez Acosta, 46
Eduardo, Alfonso Sanchez, 33
Leydis Esther, Garzon Giro, 34
Yamile, Sanchez Acosta, 50
Nancy, Giro Rodriguez, 60
Luis Daniel, Ferrer Sanchez, 21
Gardenia, Sanchez Acosta, 46
Eduardo, Alfonso Sanchez, 33
Leydis Esther, Garzon Giro, 34
Yamile, Sanchez Acosta, 50
Nancy, Giro Rodriguez, 60
Luis Daniel, Ferrer Sanchez, 21
Gardenia, Sanchez Acosta, 46
Eduardo, Alfonso Sanchez, 33
Leydis Esther, Garzon Giro, 34
Yamile, Sanchez Acosta, 50
Nancy, Giro Rodriguez, 60
Luis Daniel, Ferrer Sanchez, 21
Gardenia, Sanchez Acosta, 46
Eduardo, Alfonso Sanchez, 33
Leydis Esther, Garzon Giro, 34
Yamile, Sanchez Acosta, 50
Nancy, Giro Rodriguez, 60
Luis Daniel, Ferrer Sanchez, 21
Gardenia, Sanchez Acosta, 46
Eduardo, Alfonso Sanchez, 33
Leydis Esther, Garzon Giro, 34
Yamile, Sanchez Acosta, 50
Nancy, Giro Rodriguez, 60
Luis Daniel, Ferrer Sanchez, 21
Gardenia, Sanchez Acosta, 46
Eduardo, Alfonso Sanchez, 33
Leydis Esther, Garzon Giro, 34
Yamile, Sanchez Acosta, 50
Nancy, Giro Rodriguez, 60
Luis Daniel, Ferrer Sanchez, 21
Gardenia, Sanchez Acosta, 46
Eduardo, Alfonso Sanchez, 33
Leydis Esther, Garzon Giro, 34
Yamile, Sanchez Acosta, 50
Nancy, Giro Rodriguez, 60
Luis Daniel, Ferrer Sanchez, 21
Gardenia, Sanchez Acosta, 46
Eduardo, Alfonso Sanchez, 33
Leydis Esther, Garzon Giro, 34
Yamile, Sanchez Acosta, 50
Nancy, Giro Rodriguez, 60
Luis Daniel, Ferrer Sanchez, 21
Gardenia, Sanchez Acosta, 46
Eduardo, Alfonso Sanchez, 33
Leydis Esther, Garzon Giro, 34
Yamile, Sanchez Acosta, 50
Nancy, Giro Rodriguez, 60
Luis Daniel, Ferrer Sanchez, 21
Gardenia, Sanchez Acosta, 46
Eduardo, Alfonso Sanchez, 33
Leydis Esther, Garzon Giro, 34
Yamile, Sanchez Acosta, 50
Nancy, Giro Rodriguez, 60
Luis Daniel, Ferrer Sanchez, 21
Gardenia, Sanchez Acosta, 46
Eduardo, Alfonso Sanchez, 33
Leydis Esther, Garzon Giro, 34
Yamile, Sanchez Acosta, 50
Nancy, Giro Rodriguez, 60
Luis Daniel, Ferrer Sanchez, 21
Gardenia, Sanchez Acosta, 46
Eduardo, Alfonso Sanchez, 33
Leydis Esther, Garzon Giro, 34
Yamile, Sanchez Acosta, 50
Nancy, Giro Rodriguez, 60
Luis Daniel, Ferrer Sanchez, 21
Gardenia, Sanchez Acosta, 46
Eduardo, Alfonso Sanchez, 33
Leydis Esther, Garzon Giro, 34
Yamile, Sanchez Acosta, 50
Nancy, Giro Rodriguez, 60
Luis Daniel, Ferrer Sanchez, 21
Gardenia, Sanchez Acosta, 46
Eduardo, Alfonso Sanchez, 33
Leydis Esther, Garzon Giro, 34
Yamile, Sanchez Acosta, 50
Nancy, Giro Rodriguez, 60
Luis Daniel, Ferrer Sanchez, 21
Gardenia, Sanchez Acosta, 46
Eduardo, Alfonso Sanchez, 33
Leydis Esther, Garzon Giro, 34
Yamile, Sanchez Acosta, 50
Nancy, Giro Rodriguez, 60
Luis Daniel, Ferrer Sanchez, 21
Gardenia, Sanchez Acosta, 46
Eduardo, Alfonso Sanchez, 33
Leydis Esther, Garzon Giro, 34
Yamile, Sanchez Acosta, 50
Nancy, Giro Rodriguez, 60
Luis Daniel, Ferrer Sanchez, 21
Gardenia, Sanchez Acosta, 46
Eduardo, Alfonso Sanchez, 33
Leydis Esther, Garzon Giro, 34
Yamile, Sanchez Acosta, 50
Nancy, Giro Rodriguez, 60
Luis Daniel, Ferrer Sanchez, 21
Gardenia, Sanchez Acosta, 46
Eduardo, Alfonso Sanchez, 33
Leydis Esther, Garzon Giro, 34
Yamile, Sanchez Acosta, 50
Nancy, Giro Rodriguez, 60
Luis Daniel, Ferrer Sanchez, 21
Gardenia, Sanchez Acosta, 46
Eduardo, Alfonso Sanchez, 33
Leydis Esther, Garzon Giro, 34
Yamile, Sanchez Acosta, 50
Nancy, Giro Rodriguez, 60
Luis Daniel, Ferrer Sanchez, 21
Gardenia, Sanchez Acosta, 46
Eduardo, Alfonso Sanchez, 33
Leydis Esther, Garzon Giro, 34
Yamile, Sanchez Acosta, 50
Nancy, Giro Rodriguez, 60
Luis Daniel, Ferrer Sanchez, 21
Gardenia, Sanchez Acosta, 46
Eduardo, Alfonso Sanchez, 33
Leydis Esther, Garzon Giro, 34
Yamile, Sanchez Acosta, 50
Nancy, Giro Rodriguez, 60
Luis Daniel, Ferrer Sanchez, 21
Gardenia, Sanchez Acosta, 46
Eduardo, Alfonso Sanchez, 33
Leydis Esther, Garzon Giro, 34
Yamile, Sanchez Acosta, 50
Nancy, Giro Rodriguez, 60
Luis Daniel, Ferrer Sanchez, 21
Gardenia, Sanchez Acosta, 46
Eduardo, Alfonso Sanchez, 33
Leydis Esther, Garzon Giro, 34
Yamile, Sanchez Acosta, 50
Nancy, Giro Rodriguez, 60
Luis Daniel, Ferrer Sanchez, 21
Gardenia, Sanchez Acosta, 46
Eduardo, Alfonso Sanchez, 33
Leydis Esther, Garzon Giro, 34
Yamile, Sanchez Acosta, 50
Nancy, Giro Rodriguez, 60
Luis Daniel, Ferrer Sanchez, 21
Gardenia, Sanchez Acosta, 46
Eduardo, Alfonso Sanchez, 33
Leydis Esther, Garzon Giro, 34
Yamile, Sanchez Acosta, 50
Nancy, Giro Rodriguez, 60
Luis Daniel, Ferrer Sanchez, 21
Gardenia, Sanchez Acosta, 46
Eduardo, Alfonso Sanchez, 33
Leydis Esther, Garzon Giro, 34
Yamile, Sanchez Acosta, 50
Nancy, Giro Rodriguez, 60
Luis Daniel, Ferrer Sanchez, 21
Gardenia, Sanchez Acosta, 46
Eduardo, Alfonso Sanchez, 33
Leydis Esther, Garzon Giro, 34
Yamile, Sanchez Acosta, 50
Nancy, Giro Rodriguez, 60
Luis Daniel, Ferrer Sanchez, 21
Gardenia, Sanchez Acosta, 46
Eduardo, Alfonso Sanchez, 33
Leydis Esther, Garzon Giro, 34
Yamile, Sanchez Acosta, 50
Nancy, Giro Rodriguez, 60
Luis Daniel, Ferrer Sanchez, 21
Gardenia, Sanchez Acosta, 46
Eduardo, Alfonso Sanchez, 33
Leydis Esther, Garzon Giro, 34
Yamile, Sanchez Acosta, 50
Nancy, Giro Rodriguez, 60
Luis Daniel, Ferrer Sanchez, 21
Gardenia, Sanchez Acosta, 46
Eduardo, Alfonso Sanchez, 33
Leydis Esther, Garzon Giro, 34
Yamile, Sanchez Acosta, 50
Nancy, Giro Rodriguez, 60
Luis Daniel, Ferrer Sanchez, 21
Gardenia, Sanchez Acosta, 46
Eduardo, Alfonso Sanchez, 33
Leydis Esther, Garzon Giro, 34
Yamile, Sanchez Acosta, 50
Nancy, Giro Rodriguez, 60
Luis Daniel, Ferrer Sanchez, 21
Gardenia, Sanchez Acosta, 46
Eduardo, Alfonso Sanchez, 33
Leydis Esther, Garzon Giro, 34
Yamile, Sanchez Acosta, 50
Nancy, Giro Rodriguez, 60
Luis Daniel, Ferrer Sanchez, 21
Gardenia, Sanchez Acosta, 46
Eduardo, Alfonso Sanchez, 33
Leydis Esther, Garzon Giro, 34
Yamile, Sanchez Acosta, 50
Nancy, Giro Rodriguez, 60
Luis Daniel, Ferrer Sanchez, 21
Gardenia, Sanchez Acosta, 46
Eduardo, Alfonso Sanchez, 33
Leydis Esther, Garzon Giro, 34
Yamile, Sanchez Acosta, 50
Nancy, Giro Rodriguez, 60
Luis Daniel, Ferrer Sanchez, 21
Gardenia, Sanchez Acosta, 46
Eduardo, Alfonso Sanchez, 33
Leydis Esther, Garzon Giro, 34
Yamile, Sanchez Acosta, 50
Nancy, Giro Rodriguez, 60
Luis Daniel, Ferrer Sanchez, 21
Gardenia, Sanchez Acosta, 46
Eduardo, Alfonso Sanchez, 33
Leydis Esther, Garzon Giro, 34
Yamile, Sanchez Acosta, 50
Nancy, Giro Rodriguez, 60
Luis Daniel, Ferrer Sanchez, 21
Gardenia, Sanchez Acosta, 46
Eduardo, Alfonso Sanchez, 33
Leydis Esther, Garzon Giro, 34
Yamile, Sanchez Acosta, 50
Nancy, Giro Rodriguez, 60
Luis Daniel, Ferrer Sanchez, 21
Gardenia, Sanchez Acosta, 46
Eduardo, Alfonso Sanchez, 33
Leydis Esther, Garzon Giro, 34
Yamile, Sanchez Acosta, 50
Nancy, Giro Rodriguez, 60
Luis Daniel, Ferrer Sanchez, 21
Gardenia, Sanchez Acosta, 46
Eduardo, Alfonso Sanchez, 33
Leydis Esther, Garzon Giro, 34
Yamile, Sanchez Acosta, 50
Nancy, Giro Rodriguez, 60
Luis Daniel, Ferrer Sanchez, 21
Gardenia, Sanchez Acosta, 46
Eduardo, Alfonso Sanchez, 33
Leydis Esther, Garzon Giro, 34
Yamile, Sanchez Acosta, 50
Nancy, Giro Rodriguez, 60
Luis Daniel, Ferrer Sanchez, 21
Gardenia, Sanchez Acosta, 46
Eduardo, Alfonso Sanchez, 33
Leydis Esther, Garzon Giro, 34
Yamile, Sanchez Acosta, 50
Nancy, Giro Rodriguez, 60
Luis Daniel, Ferrer Sanchez, 21
Gardenia, Sanchez Acosta, 46
Eduardo, Alfonso Sanchez, 33
Leydis Esther, Garzon Giro, 34
Yamile, Sanchez Acosta, 50
Nancy, Giro Rodriguez, 60
Luis Daniel, Ferrer Sanchez, 21
Gardenia, Sanchez Acosta, 46
Eduardo, Alfonso Sanchez, 33
Leydis Esther, Garzon Giro, 34
Yamile, Sanchez Acosta, 50
Nancy, Giro Rodriguez, 60
Luis Daniel, Ferrer Sanchez, 21
Gardenia, Sanchez Acosta, 46
Eduardo, Alfonso Sanchez, 33
Leydis Esther, Garzon Giro, 34
Yamile, Sanchez Acosta, 50
Nancy, Giro Rodriguez, 60
Luis Daniel, Ferrer Sanchez, 21
Gardenia, Sanchez Acosta, 46
Eduardo, Alfonso Sanchez, 33
Leydis Esther, Garzon Giro, 34
Yamile, Sanchez Acosta, 50
Nancy, Giro Rodriguez, 60
Luis Daniel, Ferrer Sanchez, 21
Gardenia, Sanchez Acosta, 46
Eduardo, Alfonso Sanchez, 33
Leydis Esther, Garzon Giro, 34
Yamile, Sanchez Acosta, 50
Nancy, Giro Rodriguez, 60
Luis Daniel, Ferrer Sanchez, 21
Gardenia, Sanchez Acosta, 46
Eduardo, Alfonso Sanchez, 33
Leydis Esther, Garzon Giro, 34
Yamile, Sanchez Acosta, 50
Nancy, Giro Rodriguez, 60
Luis Daniel, Ferrer Sanchez, 21
Gardenia, Sanchez Acosta, 46
Eduardo, Alfonso Sanchez, 33
Leydis Esther, Garzon Giro, 34
Yamile, Sanchez Acosta, 50
Nancy, Giro Rodriguez, 60
Luis Daniel, Ferrer Sanchez, 21
Gardenia, Sanchez Acosta, 46
Eduardo, Alfonso Sanchez, 33
Leydis Esther, Garzon Giro, 34
Yamile, Sanchez Acosta, 50
Nancy, Giro Rodriguez, 60
Luis Daniel, Ferrer Sanchez, 21
Gardenia, Sanchez Acosta, 46
Eduardo, Alfonso Sanchez, 33
Leydis Esther, Garzon Giro, 34
Yamile, Sanchez Acosta, 50
Nancy, Giro Rodriguez, 60
Luis Daniel, Ferrer Sanchez, 21
Gardenia, Sanchez Acosta, 46
Eduardo, Alfonso Sanchez, 33
Leydis Esther, Garzon Giro, 34
Yamile, Sanchez Acosta, 50
Nancy, Giro Rodriguez, 60
Luis Daniel, Ferrer Sanchez, 21
Gardenia, Sanchez Acosta, 46
Eduardo, Alfonso Sanchez, 33
Leydis Esther, Garzon Giro, 34
Yamile, Sanchez Acosta, 50
Nancy, Giro Rodriguez, 60
Luis Daniel, Ferrer Sanchez, 21
Gardenia, Sanchez Acosta, 46
Eduardo, Alfonso Sanchez, 33
Leydis Esther, Garzon Giro, 34
Yamile, Sanchez Acosta, 50
Nancy, Giro Rodriguez, 60
Luis Daniel, Ferrer Sanchez, 21
Gardenia, Sanchez Acosta, 46
Eduardo, Alfonso Sanchez, 33
Leydis Esther, Garzon Giro, 34
Yamile, Sanchez Acosta, 50
Nancy, Giro Rodriguez, 60
Luis Daniel, Ferrer Sanchez, 21
Gardenia, Sanchez Acosta, 46
Eduardo, Alfonso Sanchez, 33
Leydis Esther, Garzon Giro, 34
Yamile, Sanchez Acosta, 50
Nancy, Giro Rodriguez, 60
Luis Daniel, Ferrer Sanchez, 21
Gardenia, Sanchez Acosta, 46
Eduardo, Alfonso Sanchez, 33
Leydis Esther, Garzon Giro, 34
Yamile, Sanchez Acosta, 50
Nancy, Giro Rodriguez, 60
Luis Daniel, Ferrer Sanchez, 21
Gardenia, Sanchez Acosta, 46
Eduardo, Alfonso Sanchez, 33
Leydis Esther, Garzon Giro, 34
Yamile, Sanchez Acosta, 50
Nancy, Giro Rodriguez, 60
Luis Daniel, Ferrer Sanchez, 21
Gardenia, Sanchez Acosta, 46
Eduardo, Alfonso Sanchez, 33
Leydis Esther, Garzon Giro, 34
Yamile, Sanchez Acosta, 50
Nancy, Giro Rodriguez, 60
Luis Daniel, Ferrer Sanchez, 21
Gardenia, Sanchez Acosta, 46
Eduardo, Alfonso Sanchez, 33
Leydis Esther, Garzon Giro, 34
Yamile, Sanchez Acosta, 50
Nancy, Giro Rodriguez, 60
Luis Daniel, Ferrer Sanchez, 21
Gardenia, Sanchez Acosta, 46
Eduardo, Alfonso Sanchez, 33
Leydis Esther, Garzon Giro, 34
Yamile, Sanchez Acosta, 50
Nancy, Giro Rodriguez, 60
Luis Daniel, Ferrer Sanchez, 21
Gardenia, Sanchez Acosta, 46
Eduardo, Alfonso Sanchez, 33
Leydis Esther, Garzon Giro, 34
Yamile, Sanchez Acosta, 50
Nancy, Giro Rodriguez, 60
Luis Daniel, Ferrer Sanchez, 21
Gardenia, Sanchez Acosta, 46
Eduardo, Alfonso Sanchez, 33
Leydis Esther, Garzon Giro, 34
Yamile, Sanchez Acosta, 50
Nancy, Giro Rodriguez, 60
Luis Daniel, Ferrer Sanchez, 21
Gardenia, Sanchez Acosta, 46
Eduardo, Alfonso Sanchez, 33
Leydis Esther, Garzon Giro, 34
Yamile, Sanchez Acosta, 50
Nancy, Giro Rodriguez, 60
Luis Daniel, Ferrer Sanchez, 21
Gardenia, Sanchez Acosta, 46
Eduardo, Alfonso Sanchez, 33
Leydis Esther, Garzon Giro, 34
Yamile, Sanchez Acosta, 50
Nancy, Giro Rodriguez, 60
Luis Daniel, Ferrer Sanchez, 21
Gardenia, Sanchez Acosta, 46
Eduardo, Alfonso Sanchez, 33
Leydis Esther, Garzon Giro, 34
Yamile, Sanchez Acosta, 50
Nancy, Giro Rodriguez, 60
Luis Daniel, Ferrer Sanchez, 21
Gardenia, Sanchez Acosta, 46
Eduardo, Alfonso Sanchez, 33
Leydis Esther, Garzon Giro, 34
Yamile, Sanchez Acosta, 50
Nancy, Giro Rodriguez, 60
Luis Daniel, Ferrer Sanchez, 21
Gardenia, Sanchez Acosta, 46
Eduardo, Alfonso Sanchez, 33
Leydis Esther, Garzon Giro, 34
Yamile, Sanchez Acosta, 50
Nancy, Giro Rodriguez, 60
Luis Daniel, Ferrer Sanchez, 21
Gardenia, Sanchez Acosta, 46
Eduardo, Alfonso Sanchez, 33
Leydis Esther, Garzon Giro, 34
Yamile, Sanchez Acosta, 50
Nancy, Giro Rodriguez, 60
Luis Daniel, Ferrer Sanchez, 21
Gardenia, Sanchez Acosta, 46
Eduardo, Alfonso Sanchez, 33
Leydis Esther, Garzon Giro, 34
Yamile, Sanchez Acosta, 50
Nancy, Giro Rodriguez, 60
Luis Daniel, Ferrer Sanchez, 21
Gardenia, Sanchez Acosta, 46
Eduardo, Alfonso Sanchez, 33
Leydis Esther, Garzon Giro, 34
Yamile, Sanchez Acosta, 50
Nancy, Giro Rodriguez, 60
Luis Daniel, Ferrer Sanchez, 21
Gardenia, Sanchez Acosta, 46
Eduardo, Alfonso Sanchez, 33
Leydis Esther, Garzon Giro, 34
Yamile, Sanchez Acosta, 50
Nancy, Giro Rodriguez, 60
Luis Daniel, Ferrer Sanchez, 21
Gardenia, Sanchez Acosta, 46
Eduardo, Alfonso Sanchez, 33
Leydis Esther, Garzon Giro, 34
Yamile, Sanchez Acosta, 50
Nancy, Giro Rodriguez, 60
Luis Daniel, Ferrer Sanchez, 21
Gardenia, Sanchez Acosta, 46
Eduardo, Alfonso Sanchez, 33
Leydis Esther, Garzon Giro, 34
Yamile, Sanchez Acosta, 50
Nancy, Giro Rodriguez, 60
Luis Daniel, Ferrer Sanchez, 21
Gardenia, Sanchez Acosta, 46
Eduardo, Alfonso Sanchez, 33
Leydis Esther, Garzon Giro, 34
Yamile, Sanchez Acosta, 50
Nancy, Giro Rodriguez, 60
Luis Daniel, Ferrer Sanchez, 21
Gardenia, Sanchez Acosta, 46
Eduardo, Alfonso Sanchez, 33
Leydis Esther, Garzon Giro, 34
Yamile, Sanchez Acosta, 50
Nancy, Giro Rodriguez, 60
Luis Daniel, Ferrer Sanchez, 21
Gardenia, Sanchez Acosta, 46
Eduardo, Alfonso Sanchez, 33
Leydis Esther, Garzon Giro, 34
Yamile, Sanchez Acosta, 50
Nancy, Giro Rodriguez, 60
Luis Daniel, Ferrer Sanchez, 21
Gardenia, Sanchez Acosta, 46
Eduardo, Alfonso Sanchez, 33
Leydis Esther, Garzon Giro, 34
Yamile, Sanchez Acosta, 50
Nancy, Giro Rodriguez, 60
Luis Daniel, Ferrer Sanchez, 21
Gardenia, Sanchez Acosta, 46
Eduardo, Alfonso Sanchez, 33
Leydis Esther, Garzon Giro, 34
Yamile, Sanchez Acosta, 50
Nancy, Giro Rodriguez, 60
Luis Daniel, Ferrer Sanchez, 21
Gardenia, Sanchez Acosta, 46
Eduardo, Alfonso Sanchez, 33
Leydis Esther, Garzon Giro, 34
Yamile, Sanchez Acosta, 50
Nancy, Giro Rodriguez, 60
Luis Daniel, Ferrer Sanchez, 21
Gardenia, Sanchez Acosta, 46
Eduardo, Alfonso Sanchez, 33
Leydis Esther, Garzon Giro, 34
Yamile, Sanchez Acosta, 50
Nancy, Giro Rodriguez, 60
Luis Daniel, Ferrer Sanchez, 21
Gardenia, Sanchez Acosta, 46
Eduardo, Alfonso Sanchez, 33
Leydis Esther, Garzon Giro, 34
Yamile, Sanchez Acosta, 50
Nancy, Giro Rodriguez, 60
Luis Daniel, Ferrer Sanchez, 21
Gardenia, Sanchez Acosta, 46
Eduardo, Alfonso Sanchez, 33
Leydis Esther, Garzon Giro, 34
Yamile, Sanchez Acosta, 50
Nancy, Giro Rodriguez, 60
Luis Daniel, Ferrer Sanchez, 21
Gardenia, Sanchez Acosta, 46
Eduardo, Alfonso Sanchez, 33
Leydis Esther, Garzon Giro, 34
Yamile, Sanchez Acosta, 50
Nancy, Giro Rodriguez, 60
Luis Daniel, Ferrer Sanchez, 21
Gardenia, Sanchez Acosta, 46
Eduardo, Alfonso Sanchez, 33
Leydis Esther, Garzon Giro, 34
Yamile, Sanchez Acosta, 50
Nancy, Giro Rodriguez, 60
Luis Daniel, Ferrer Sanchez, 21
Gardenia, Sanchez Acosta, 46
Eduardo, Alfonso Sanchez, 33
Leydis Esther, Garzon Giro, 34
Yamile, Sanchez Acosta, 50
Nancy, Giro Rodriguez, 60
Luis Daniel, Ferrer Sanchez, 21
Gardenia, Sanchez Acosta, 46
Eduardo, Alfonso Sanchez, 33
Leydis Esther, Garzon Giro, 34
Yamile, Sanchez Acosta, 50
Nancy, Giro Rodriguez, 60
Luis Daniel, Ferrer Sanchez, 21
Gardenia, Sanchez Acosta, 46
Eduardo, Alfonso Sanchez, 33
Leydis Esther, Garzon Giro, 34
Yamile, Sanchez Acosta, 50
Nancy, Giro Rodriguez, 60
Luis Daniel, Ferrer Sanchez, 21
Gardenia, Sanchez Acosta, 46
Eduardo, Alfonso Sanchez, 33
Leydis Esther, Garzon Giro, 34
Yamile, Sanchez Acosta, 50
Nancy, Giro Rodriguez, 60
Luis Daniel, Ferrer Sanchez, 21
Gardenia, Sanchez Acosta, 46
Eduardo, Alfonso Sanchez, 33
Leydis Esther, Garzon Giro, 34
Yamile, Sanchez Acosta, 50
Nancy, Giro Rodriguez, 60
Luis Daniel, Ferrer Sanchez, 21
Gardenia, Sanchez Acosta, 46
Eduardo, Alfonso Sanchez, 33
Leydis Esther, Garzon Giro, 34
Yamile, Sanchez Acosta, 50
Nancy, Giro Rodriguez, 60
Luis Daniel, Ferrer Sanchez, 21
Gardenia, Sanchez Acosta, 46
Eduardo, Alfonso Sanchez, 33
Leydis Esther, Garzon Giro, 34
Yamile, Sanchez Acosta, 50
Nancy, Giro Rodriguez, 60
Luis Daniel, Ferrer Sanchez, 21
Gardenia, Sanchez Acosta, 46
Eduardo, Alfonso Sanchez, 33
Leydis Esther, Garzon Giro, 34
Yamile, Sanchez Acosta, 50
Nancy, Giro Rodriguez, 60
Luis Daniel, Ferrer Sanchez, 21
Gardenia, Sanchez Acosta, 46
Eduardo, Alfonso Sanchez, 33
Leydis Esther, Garzon Giro, 34
Yamile, Sanchez Acosta, 50
Nancy, Giro Rodriguez, 60
Luis Daniel, Ferrer Sanchez, 21
Gardenia, Sanchez Acosta, 46
Eduardo, Alfonso Sanchez, 33
Leydis Esther, Garzon Giro, 34
Yamile, Sanchez Acosta, 50
Nancy, Giro Rodriguez, 60
Luis Daniel, Ferrer Sanchez, 21
Gardenia, Sanchez Acosta, 46
Eduardo, Alfonso Sanchez, 33
Leydis Esther, Garzon Giro, 34
Yamile, Sanchez Acosta, 50
Nancy, Giro Rodriguez, 60
Luis Daniel, Ferrer Sanchez, 21
Gardenia, Sanchez Acosta, 46
Eduardo, Alfonso Sanchez, 33
Leydis Esther, Garzon Giro, 34
Yamile, Sanchez Acosta, 50
Nancy, Giro Rodriguez, 60
Luis Daniel, Ferrer Sanchez, 21
Gardenia, Sanchez Acosta, 46
Eduardo, Alfonso Sanchez, 33
Leydis Esther, Garzon Giro, 34
Yamile, Sanchez Acosta, 50
Nancy, Giro Rodriguez, 60
Luis Daniel, Ferrer Sanchez, 21
Gardenia, Sanchez Acosta, 46
Eduardo, Alfonso Sanchez, 33
Leydis Esther, Garzon Giro, 34
Yamile, Sanchez Acosta, 50
Nancy, Giro Rodriguez, 60
Luis Daniel, Ferrer Sanchez, 21
Gardenia, Sanchez Acosta, 46
Eduardo, Alfonso Sanchez, 33
Leydis Esther, Garzon Giro, 34
Yamile, Sanchez Acosta, 50
Nancy, Giro Rodriguez, 60
Luis Daniel, Ferrer Sanchez, 21
Gardenia, Sanchez Acosta, 46
Eduardo, Alfonso Sanchez, 33
Leydis Esther, Garzon Giro, 34
Yamile, Sanchez Acosta, 50
Nancy, Giro Rodriguez, 60
Luis Daniel, Ferrer Sanchez, 21
Gardenia, Sanchez Acosta, 46
Eduardo, Alfonso Sanchez, 33
Leydis Esther, Garzon Giro, 34
Yamile, Sanchez Acosta, 50
Nancy, Giro Rodriguez, 60
Luis Daniel, Ferrer Sanchez, 21
Gardenia, Sanchez Acosta, 46
Eduardo, Alfonso Sanchez, 33
Leydis Esther, Garzon Giro, 34
Yamile, Sanchez Acosta, 50
Nancy, Giro Rodriguez, 60
Luis Daniel, Ferrer Sanchez, 21
Gardenia, Sanchez Acosta, 46
Eduardo, Alfonso Sanchez, 33
Leydis Esther, Garzon Giro, 34
Yamile, Sanchez Acosta, 50
Nancy, Giro Rodriguez, 60
Luis Daniel, Ferrer Sanchez, 21
Gardenia, Sanchez Acosta, 46
Eduardo, Alfonso Sanchez, 33
Leydis Esther, Garzon Giro, 34
Yamile, Sanchez Acosta, 50
Nancy, Giro Rodriguez, 60
Luis Daniel, Ferrer Sanchez, 21
Gardenia, Sanchez Acosta, 46
Eduardo, Alfonso Sanchez, 33
Leydis Esther, Garzon Giro, 34
Yamile, Sanchez Acosta, 50
Nancy, Giro Rodriguez, 60
Luis Daniel, Ferrer Sanchez, 21
Gardenia, Sanchez Acosta, 46
Eduardo, Alfonso Sanchez, 33
Leydis Esther, Garzon Giro, 34
Yamile, Sanchez Acosta, 50
Nancy, Giro Rodriguez, 60
Luis Daniel, Ferrer Sanchez, 21
Gardenia, Sanchez Acosta, 46
Eduardo, Alfonso Sanchez, 33
Leydis Esther, Garzon Giro, 34
Yamile, Sanchez Acosta, 50
Nancy, Giro Rodriguez, 60
Luis Daniel, Ferrer Sanchez, 21
Gardenia, Sanchez Acosta, 46
Eduardo, Alfonso Sanchez, 33
Leydis Esther, Garzon Giro, 34
Yamile, Sanchez Acosta, 50
Nancy, Giro Rodriguez, 60
Luis Daniel, Ferrer Sanchez, 21
Gardenia, Sanchez Acosta, 46
Eduardo, Alfonso Sanchez, 33
Leydis Esther, Garzon Giro, 34
Yamile, Sanchez Acosta, 50
Nancy, Giro Rodriguez, 60
Luis Daniel, Ferrer Sanchez, 21
Gardenia, Sanchez Acosta, 46
Eduardo, Alfonso Sanchez, 33
Leydis Esther, Garzon Giro, 34
Yamile, Sanchez Acosta, 50
Nancy, Giro Rodriguez, 60
Luis Daniel, Ferrer Sanchez, 21
Gardenia, Sanchez Acosta, 46
Eduardo, Alfonso Sanchez, 33
Leydis Esther, Garzon Giro, 34
Yamile, Sanchez Acosta, 50
Nancy, Giro Rodriguez, 60
Luis Daniel, Ferrer Sanchez, 21
Gardenia, Sanchez Acosta, 46
Eduardo, Alfonso Sanchez, 33
Leydis Esther, Garzon Giro, 34
Yamile, Sanchez Acosta, 50
Nancy, Giro Rodriguez, 60
Luis Daniel, Ferrer Sanchez, 21
Gardenia, Sanchez Acosta, 46
Eduardo, Alfonso Sanchez, 33
Leydis Esther, Garzon Giro, 34
Yamile, Sanchez Acosta, 50
Nancy, Giro Rodriguez, 60
Luis Daniel, Ferrer Sanchez, 21
Gardenia, Sanchez Acosta, 46
Eduardo, Alfonso Sanchez, 33
Leydis Esther, Garzon Giro, 34
Yamile, Sanchez Acosta, 50
Nancy, Giro Rodriguez, 60
Luis Daniel, Ferrer Sanchez, 21
Gardenia, Sanchez Acosta, 46
Eduardo, Alfonso Sanchez, 33
Leydis Esther, Garzon Giro, 34
Yamile, Sanchez Acosta, 50
Nancy, Giro Rodriguez, 60
Luis Daniel, Ferrer Sanchez, 21
Gardenia, Sanchez Acosta, 46
Eduardo, Alfonso Sanchez, 33
Leydis Esther, Garzon Giro, 34
Yamile, Sanchez Acosta, 50
Nancy, Giro Rodriguez, 60
Luis Daniel, Ferrer Sanchez, 21
Gardenia, Sanchez Acosta, 46
Eduardo, Alfonso Sanchez, 33
Leydis Esther, Garzon Giro, 34
Yamile, Sanchez Acosta, 50
Nancy, Giro Rodriguez, 60
Luis Daniel, Ferrer Sanchez, 21
Gardenia, Sanchez Acosta, 46
Eduardo, Alfonso Sanchez, 33
Leydis Esther, Garzon Giro, 34
Yamile, Sanchez Acosta, 50
Nancy, Giro Rodriguez, 60
Luis Daniel, Ferrer Sanchez, 21
Gardenia, Sanchez Acosta, 46
Eduardo, Alfonso Sanchez, 33
Leydis Esther, Garzon Giro, 34
Yamile, Sanchez Acosta, 50
Nancy, Giro Rodriguez, 60
Luis Daniel, Ferrer Sanchez, 21
Gardenia, Sanchez Acosta, 46
Eduardo, Alfonso Sanchez, 33
Leydis Esther, Garzon Giro, 34
Yamile, Sanchez Acosta, 50
Nancy, Giro Rodriguez, 60
Luis Daniel, Ferrer Sanchez, 21
Gardenia, Sanchez Acosta, 46
Eduardo, Alfonso Sanchez, 33
Leydis Esther, Garzon Giro, 34
Yamile, Sanchez Acosta, 50
Nancy, Giro Rodriguez, 60
Luis Daniel, Ferrer Sanchez, 21
Gardenia, Sanchez Acosta, 46
Eduardo, Alfonso Sanchez, 33
Leydis Esther, Garzon Giro, 34
Yamile, Sanchez Acosta, 50
Nancy, Giro Rodriguez, 60
Luis Daniel, Ferrer Sanchez, 21
Gardenia, Sanchez Acosta, 46
Eduardo, Alfonso Sanchez, 33
Leydis Esther, Garzon Giro, 34
Yamile, Sanchez Acosta, 50
Nancy, Giro Rodriguez, 60
Luis Daniel, Ferrer Sanchez, 21
Gardenia, Sanchez Acosta, 46
Eduardo, Alfonso Sanchez, 33
Leydis Esther, Garzon Giro, 34
Yamile, Sanchez Acosta, 50
Nancy, Giro Rodriguez, 60
Luis Daniel, Ferrer Sanchez, 21
Gardenia, Sanchez Acosta, 46
Eduardo, Alfonso Sanchez, 33
Leydis Esther, Garzon Giro, 34
Yamile, Sanchez Acosta, 50
Nancy, Giro Rodriguez, 60
Luis Daniel, Ferrer Sanchez, 21
Gardenia, Sanchez Acosta, 46
Eduardo, Alfonso Sanchez, 33
Leydis Esther, Garzon Giro, 34
Yamile, Sanchez Acosta, 50
Nancy, Giro Rodriguez, 60
Luis Daniel, Ferrer Sanchez, 21
Gardenia, Sanchez Acosta, 46
Eduardo, Alfonso Sanchez, 33
Leydis Esther, Garzon Giro, 34
Yamile, Sanchez Acosta, 50
Nancy, Giro Rodriguez, 60
Luis Daniel, Ferrer Sanchez, 21
Gardenia, Sanchez Acosta, 46
Eduardo, Alfonso Sanchez, 33
Leydis Esther, Garzon Giro, 34
Yamile, Sanchez Acosta, 50
Nancy, Giro Rodriguez, 60
Luis Daniel, Ferrer Sanchez, 21
Gardenia, Sanchez Acosta, 46
Eduardo, Alfonso Sanchez, 33
Leydis Esther, Garzon Giro, 34
Yamile, Sanchez Acosta, 50
Nancy, Giro Rodriguez, 60
Luis Daniel, Ferrer Sanchez, 21
Gardenia, Sanchez Acosta, 46
Eduardo, Alfonso Sanchez, 33
Leydis Esther, Garzon Giro, 34
Yamile, Sanchez Acosta, 50
Nancy, Giro Rodriguez, 60
Luis Daniel, Ferrer Sanchez, 21
Gardenia, Sanchez Acosta, 46
Eduardo, Alfonso Sanchez, 33
Leydis Esther, Garzon Giro, 34
Yamile, Sanchez Acosta, 50
Nancy, Giro Rodriguez, 60
Luis Daniel, Ferrer Sanchez, 21
Gardenia, Sanchez Acosta, 46
Eduardo, Alfonso Sanchez, 33
Leydis Esther, Garzon Giro, 34
Yamile, Sanchez Acosta, 50
Nancy, Giro Rodriguez, 60
Luis Daniel, Ferrer Sanchez, 21
Gardenia, Sanchez Acosta, 46
Eduardo, Alfonso Sanchez, 33
Leydis Esther, Garzon Giro, 34
Yamile, Sanchez Acosta, 50
Nancy, Giro Rodriguez, 60
Luis Daniel, Ferrer Sanchez, 21
Gardenia, Sanchez Acosta, 46
Eduardo, Alfonso Sanchez, 33
Leydis Esther, Garzon Giro, 34
Yamile, Sanchez Acosta, 50
Nancy, Giro Rodriguez, 60
Luis Daniel, Ferrer Sanchez, 21
Gardenia, Sanchez Acosta, 46
Eduardo, Alfonso Sanchez, 33
Leydis Esther, Garzon Giro, 34
Yamile, Sanchez Acosta, 50
Nancy, Giro Rodriguez, 60
Luis Daniel, Ferrer Sanchez, 21
Gardenia, Sanchez Acosta, 46
Eduardo, Alfonso Sanchez, 33
Leydis Esther, Garzon Giro, 34
Yamile, Sanchez Acosta, 50
Nancy, Giro Rodriguez, 60
Luis Daniel, Ferrer Sanchez, 21
Gardenia, Sanchez Acosta, 46
Eduardo, Alfonso Sanchez, 33
Leydis Esther, Garzon Giro, 34
Yamile, Sanchez Acosta, 50
Nancy, Giro Rodriguez, 60
Luis Daniel, Ferrer Sanchez, 21
Gardenia, Sanchez Acosta, 46
Eduardo, Alfonso Sanchez, 33
Leydis Esther, Garzon Giro, 34
Yamile, Sanchez Acosta, 50
Nancy, Giro Rodriguez, 60
Luis Daniel, Ferrer Sanchez, 21
Gardenia, Sanchez Acosta, 46
Eduardo, Alfonso Sanchez, 33
Leydis Esther, Garzon Giro, 34
Yamile, Sanchez Acosta, 50
Nancy, Giro Rodriguez, 60
Luis Daniel, Ferrer Sanchez, 21
Gardenia, Sanchez Acosta, 46
Eduardo, Alfonso Sanchez, 33
Leydis Esther, Garzon Giro, 34
Yamile, Sanchez Acosta, 50
Nancy, Giro Rodriguez, 60
Luis Daniel, Ferrer Sanchez, 21
Gardenia, Sanchez Acosta, 46
Eduardo, Alfonso Sanchez, 33
Leydis Esther, Garzon Giro, 34
Yamile, Sanchez Acosta, 50
Nancy, Giro Rodriguez, 60
Luis Daniel, Ferrer Sanchez, 21
Gardenia, Sanchez Acosta, 46
Eduardo, Alfonso Sanchez, 33
Leydis Esther, Garzon Giro, 34
Yamile, Sanchez Acosta, 50
Nancy, Giro Rodriguez, 60
Luis Daniel, Ferrer Sanchez, 21
Gardenia, Sanchez Acosta, 46
Eduardo, Alfonso Sanchez, 33
Leydis Esther, Garzon Giro, 34
Yamile, Sanchez Acosta, 50
Nancy, Giro Rodriguez, 60
Luis Daniel, Ferrer Sanchez, 21
Gardenia, Sanchez Acosta, 46
Eduardo, Alfonso Sanchez, 33
Leydis Esther, Garzon Giro, 34
Yamile, Sanchez Acosta, 50
Nancy, Giro Rodriguez, 60
Luis Daniel, Ferrer Sanchez, 21
Gardenia, Sanchez Acosta, 46
Eduardo, Alfonso Sanchez, 33
Leydis Esther, Garzon Giro, 34
Yamile, Sanchez Acosta, 50
Nancy, Giro Rodriguez, 60
Luis Daniel, Ferrer Sanchez, 21
Gardenia, Sanchez Acosta, 46
Eduardo, Alfonso Sanchez, 33
Leydis Esther, Garzon Giro, 34
Yamile, Sanchez Acosta, 50
Nancy, Giro Rodriguez, 60
Luis Daniel, Ferrer Sanchez, 21
Gardenia, Sanchez Acosta, 46